<?xml version="1.0" encoding="UTF-8"?>
<project-private xmlns="http://www.netbeans.org/ns/project-private/1">
    <editor-bookmarks xmlns="http://www.netbeans.org/ns/editor-bookmarks/2" lastBookmarkId="0"/>
    <open-files xmlns="http://www.netbeans.org/ns/projectui-open-files/2">
        <group>
            <file>file:/C:/Users/Desai/OneDrive/Documents/NetBeansProjects/TechBlog/web/register_page.jsp</file>
            <file>file:/C:/Users/Desai/OneDrive/Documents/NetBeansProjects/TechBlog/src/java/com/tech/blog/dao/PostDao.java</file>
            <file>file:/C:/Users/Desai/OneDrive/Documents/NetBeansProjects/TechBlog/web/profile_page.jsp</file>
            <file>file:/C:/Users/Desai/OneDrive/Documents/NetBeansProjects/TechBlog/src/java/com/tech/blog/servlet/AddPostServlet.java</file>
        </group>
    </open-files>
</project-private>
